species,lon,lat
E1B,26.57372,-33.59049
E1B,26.55692,-33.62261
E1B,26.59135,-33.61034
E1B,26.55334,-33.63463
E1B,26.60449,-33.61622
E1B,26.56228,-33.62821
E1B,26.56478,-33.57353
E1B,26.56381,-33.58172
E1B,26.56429,-33.5764
E1B,26.56615,-33.62105
E1B,26.57817,-33.59411
E1B,26.5928,-33.60619
E1B,26.57229,-33.62585
E1B,26.55266,-33.61834
E1B,26.57299,-33.61298
E1B,26.60767,-33.61547
E1B,26.60927,-33.61247
E1B,26.57748,-33.56995
E1B,26.5578,-33.62039
E1B,26.56488,-33.62108
E1B,26.55502,-33.61794
E1B,26.56206,-33.63061
E1B,26.55682,-33.62063
E1B,26.58227,-33.62563
E1B,26.60162,-33.59669
E1B,26.54294,-33.61777
E1B,26.60484,-33.6111
E1B,26.55964,-33.63066
E1B,26.57218,-33.58645
E1B,26.55997,-33.62284
E1B,26.57142,-33.61034
E1B,26.59702,-33.59158
E1B,26.60215,-33.59408
E1B,26.563110000000002,-33.61491
E1B,26.57207,-33.6111
E1B,26.57665,-33.60279
E1B,26.55699,-33.63249
E1B,26.60257,-33.5926
E1B,26.58004,-33.61943
E1B,26.57867,-33.6101
E1B,26.55142,-33.63215
E1B,26.59311,-33.60916
E1B,26.57148,-33.61042
E1B,26.58179,-33.59522
E1B,26.5613,-33.62155
E1B,26.5865,-33.60576
E1B,26.57868,-33.58912
E1B,26.60386,-33.59828
E1B,26.60101,-33.60598
E1B,26.5764,-33.57817
E1B,26.60593,-33.6134
E1B,26.58197,-33.57045
E1B,26.56468,-33.61401
E1B,26.55643,-33.62664
E1B,26.60285,-33.61937
E1B,26.57116,-33.61594
E1B,26.59256,-33.59115
E1B,26.58228,-33.60458
E1B,26.57697,-33.60783
E1B,26.56161,-33.58555
E1B,26.57785,-33.59
E1B,26.57868,-33.6282
E1B,26.56973,-33.59363
E1B,26.59305,-33.61568
E1B,26.55686,-33.6233
E1B,26.60303,-33.617
E1B,26.6072,-33.59943
E1B,26.59707,-33.61904
E1B,26.55665,-33.62266
E1B,26.5802,-33.56776
E1B,26.57304,-33.59315
E1B,26.58722,-33.6061
E1B,26.60436,-33.61715
E1B,26.5647,-33.58104
E1B,26.57154,-33.60863
E1B,26.55732,-33.62423
E1B,26.59958,-33.59765
E1B,26.58526,-33.58215
E1B,26.5476,-33.61968
E1B,26.56592,-33.62119
E1B,26.57066,-33.63162
E1B,26.59519,-33.59335
E1B,26.60451,-33.61634
E1B,26.5734,-33.58486
E1B,26.58552,-33.59693
E1B,26.60766,-33.61412
E1B,26.56701,-33.61295
E1B,26.6063,-33.61229
E1B,26.58057,-33.6018
E1B,26.59469,-33.61055
E1B,26.58171,-33.61877
E1B,26.55986,-33.63066
E1B,26.58089,-33.62048
E1B,26.57339,-33.58475
E1B,26.57328,-33.58479
E1B,26.60619,-33.61659
E1B,26.56269,-33.61411
E1B,26.58129,-33.6226
E1B,26.5756,-33.61377
E1B,26.6036,-33.60274
E1B,26.55832,-33.61524
E1B,26.5685,-33.57741
E1B,26.5918,-33.6115
E1B,26.55715,-33.62383
E1B,26.54845,-33.62002
E1B,26.56583,-33.56963
E1B,26.54471,-33.62119
E1B,26.60256,-33.61682
E1B,26.55617,-33.62789
E1B,26.54601,-33.61793
E1B,26.59635,-33.60126
E1B,26.60256,-33.61679
E1B,26.55576,-33.62307
E1B,26.6021,-33.6144
E1B,26.60541,-33.61153
E1B,26.60371,-33.60247
E1B,26.60284,-33.59376
E1B,26.58037,-33.59481
E1B,26.59364,-33.57149
E1B,26.56578,-33.61609
E1B,26.58998,-33.60578
E1B,26.54274,-33.62337
E1B,26.59039,-33.60578
E1B,26.60753,-33.61192
E1B,26.56258,-33.62053
E1B,26.60172,-33.5941
E1B,26.55611,-33.62595
E1B,26.57195,-33.58533
E1B,26.60397,-33.61263
E1B,26.59799,-33.61658
E1B,26.60229,-33.61462
E1B,26.57412,-33.61018
E1B,26.57941,-33.58902
E1B,26.57766,-33.59377
E1B,26.5658,-33.62694
E1B,26.57386,-33.586
E1B,26.57365,-33.62314
E1B,26.60853,-33.6175
E1B,26.59193,-33.61259
E1B,26.55638,-33.62699
E1B,26.57028,-33.6168
E1B,26.58071,-33.60192
E1B,26.59098,-33.56985
E1B,26.56797,-33.62593
E1B,26.59635,-33.59314
E1B,26.56981,-33.63162
E1B,26.59638,-33.61894
E1B,26.60633,-33.61367
E1B,26.59362,-33.60359
E1B,26.55435,-33.6337
E1B,26.58266,-33.57008
E1B,26.56385,-33.62716
E1B,26.583,-33.57274
E1B,26.58287,-33.58213
E1B,26.60758,-33.60268
E1B,26.60136,-33.59494
E1B,26.59973,-33.58451
E1B,26.60941,-33.6169
E1B,26.60762,-33.61238
E1B,26.5733,-33.61295
E1B,26.57601,-33.61433
E1B,26.5763,-33.62957
E1B,26.54621,-33.62094
E1B,26.60209,-33.59239
E1B,26.58403,-33.62357
E1B,26.60383,-33.61368
E1B,26.57671,-33.62642
E1B,26.57659,-33.56787
E1B,26.54358,-33.61653
E1B,26.58133,-33.62219
E1B,26.59569,-33.60939
E1B,26.55178,-33.63537
E1B,26.58765,-33.60604
E1B,26.59261,-33.60622
E1B,26.54354,-33.62342
E1B,26.60241,-33.61607
E1B,26.56534,-33.62273
E1B,26.60674,-33.61559
E1B,26.56315,-33.63424
E1B,26.56828,-33.62183
E1B,26.57923,-33.56889
E1B,26.60386,-33.61079
E1B,26.57403,-33.60878
E1B,26.58998,-33.60567
E1B,26.58761,-33.60903
E1B,26.55784,-33.63241
E1B,26.55881,-33.63303
E1B,26.60111,-33.59479
E1B,26.60584,-33.61028
E1B,26.55557,-33.63136
E1B,26.60276,-33.6165
E1B,26.55769,-33.61918
E1B,26.59392,-33.59561
E1B,26.60568,-33.61201
E1B,26.57822,-33.57385
E1B,26.57788,-33.62502
E1B,26.55628,-33.62789
E1B,26.58771,-33.61282
E1B,26.58192,-33.61922
E1B,26.60683,-33.61432
E1B,26.56815,-33.61634
E1B,26.5821,-33.57399
E1B,26.55522,-33.63028
E1B,26.56537,-33.63416
E1B,26.5639,-33.5734
E1B,26.5604,-33.6285
E1B,26.5726,-33.62632
E1B,26.56304,-33.61425
E1B,26.55638,-33.63082
E1B,26.57193,-33.62636
E1B,26.55184,-33.61617
E1B,26.58633,-33.61132
E1B,26.55785,-33.63092
E1B,26.55331,-33.63054
E1B,26.57808,-33.60966
E1B,26.56592,-33.63238
E1B,26.57741,-33.59376
E1B,26.60149,-33.59529
E1B,26.55443,-33.63547
E1B,26.58195,-33.56959
E1B,26.54558,-33.621
E1B,26.56873,-33.62043
E1B,26.57788,-33.59444
E1B,26.54382,-33.61683
E1B,26.60116,-33.61866
E1B,26.55351,-33.61986
E1B,26.5812,-33.60471
E1B,26.5587,-33.62182
E1B,26.56637,-33.63912
E1B,26.58047,-33.6231
E1B,26.60236,-33.60399
E1B,26.57205,-33.61104
E1B,26.57234,-33.58537
E1B,26.57802,-33.62592
E1B,26.60459,-33.6165
E1B,26.57785,-33.58849
E1B,26.60551,-33.60783
E1B,26.60357,-33.60916
E1B,26.61029,-33.61424
E1B,26.57017,-33.6225
E1B,26.55909,-33.6287
E1B,26.55827,-33.61727
E1B,26.56458,-33.57168
E1B,26.60651,-33.61091
E1B,26.58188,-33.58143
E1B,26.58527,-33.61611
E1B,26.5662,-33.6211
E1B,26.55548,-33.61827
E1B,26.58375,-33.62286
E1B,26.59989,-33.59701
E1B,26.57195,-33.61109
E1B,26.56417,-33.62725
E1B,26.55875,-33.61556
E1B,26.58098,-33.62041
E1B,26.60741,-33.60082
E1B,26.59938,-33.62073
E1B,26.58893,-33.60832
E1B,26.59813,-33.57548
E1B,26.56161,-33.61712
E1B,26.55754,-33.63048
E1B,26.59231,-33.59942
E1B,26.57844,-33.58765
E1B,26.59728,-33.61778
E1B,26.55504,-33.61904
E1B,26.60832,-33.6168
E1B,26.59723,-33.59519
E1B,26.57477,-33.58241
E1B,26.58291,-33.58869
E1B,26.59234,-33.5722
E1B,26.59015,-33.60578
E1B,26.60493,-33.61574
E1B,26.57398,-33.59148
E1B,26.57244,-33.61964
E1B,26.59276,-33.60628
E1B,26.55778,-33.62812
E1B,26.59781,-33.60913
E1B,26.59944,-33.6107
E1B,26.56851,-33.63707
E1B,26.55535,-33.61478
E1B,26.59535,-33.59334
E1B,26.56359,-33.62966
E1B,26.59086,-33.61171
E1B,26.55342,-33.61591
E1B,26.57429,-33.62303
E1B,26.60142,-33.61828
E1B,26.60885,-33.61438
E1B,26.5727,-33.60858
E1B,26.56363,-33.61525
E1B,26.60717,-33.60147
E1B,26.56364,-33.62963
E1B,26.57694,-33.61221
E1B,26.56173,-33.63482
E1B,26.57723,-33.58819
E1B,26.54419,-33.62361
E1B,26.57727,-33.57251
E1B,26.55505,-33.62228
E1B,26.60496,-33.59999
E1B,26.58039,-33.60034
E1B,26.60691,-33.60645
E1B,26.54771,-33.61948
E1B,26.59294,-33.61509
E1B,26.56607,-33.57317
E1B,26.56265,-33.63007
E1B,26.57066,-33.61437
E1B,26.6035,-33.59539
E1B,26.56914,-33.61818
E1B,26.55287,-33.61963
E1B,26.60779,-33.61442
E1B,26.60151,-33.61848
E1B,26.55551,-33.61653
E1B,26.5822,-33.59451
E1B,26.58334,-33.61
E1B,26.56785,-33.57422
E1B,26.59778,-33.61695
E1B,26.56649,-33.62136
E1B,26.56226,-33.61872
E1B,26.60619,-33.60816
E1B,26.5903,-33.60623
E1B,26.57944,-33.60199
E1B,26.55245,-33.63063
E1B,26.5562,-33.62002
E1B,26.561,-33.61916
E1B,26.56213,-33.63053
E1B,26.57353,-33.59033
E1B,26.5716,-33.62611
E1B,26.55913,-33.632
E1B,26.57631,-33.62425
E1B,26.57457,-33.61666
E1B,26.60805,-33.61171
E1B,26.60724,-33.60235
E1B,26.55747,-33.63082
E1B,26.55014,-33.61735
E1B,26.604,-33.61649
E1B,26.57838,-33.59599
E1B,26.5523,-33.63172
E1B,26.59982,-33.59694
E1B,26.59814,-33.60769
E1B,26.6072,-33.61547
E1B,26.60821,-33.61359
E1B,26.55201,-33.61539
E1B,26.57896,-33.59361
E1B,26.57862,-33.56738
E1B,26.60296,-33.61506
E1B,26.56476,-33.63834
E1B,26.59094,-33.61182
E1B,26.56295,-33.63109
E1B,26.60038,-33.60053
E1B,26.55852,-33.63153
E1B,26.60451,-33.61629
E1B,26.59929,-33.59754
E1B,26.57842,-33.57429
E1B,26.59224,-33.61128
E1B,26.55911,-33.61911
E1B,26.55295,-33.63066
E1B,26.60295,-33.61097
E1B,26.58367,-33.60983
E1B,26.56275,-33.62053
E1B,26.56954,-33.63213
E1B,26.60394,-33.61393
E1B,26.55589,-33.631
E1B,26.54349,-33.62158
E1B,26.58465,-33.60972
E1B,26.59585,-33.6155
E1B,26.58322,-33.61895
E1B,26.60524,-33.60037
E1B,26.60211,-33.59109
E1B,26.54622,-33.61999
E1B,26.60161,-33.61318
E1B,26.58341,-33.62212
E1B,26.55228,-33.61405
E1B,26.56874,-33.61671
E1B,26.60331,-33.61502
E1B,26.54517,-33.62122
E1B,26.6004,-33.6155
E1B,26.5567,-33.6305
E1B,26.57774,-33.6118
E1B,26.60277,-33.59325
E1B,26.59485,-33.59309
E1B,26.59292,-33.61082
E1B,26.59327,-33.60542
E1B,26.58564,-33.62507
E1B,26.56534,-33.63426
E1B,26.56147,-33.62327
E1B,26.58791,-33.60771
E1B,26.55363,-33.61371
E1B,26.56153,-33.62331
E1B,26.5775,-33.58726
E1B,26.5437,-33.62129
E1B,26.56945,-33.61827
E1B,26.54334,-33.62366
E1B,26.58119,-33.62346
E1B,26.59064,-33.59962
E1B,26.56191,-33.61968
E1B,26.59774,-33.61642
E1B,26.5554,-33.63175
E1B,26.58071,-33.59421
E1B,26.56638,-33.62117
E1B,26.56188,-33.61969
E1B,26.55814,-33.61839
E1B,26.57599,-33.61423
E1B,26.58217,-33.61216
E1B,26.60248,-33.60409
E1B,26.57667,-33.59667
E1B,26.57061,-33.61167
E1B,26.55794,-33.63096
E1B,26.60158,-33.59433
E1B,26.5988,-33.6062
E1B,26.59515,-33.60924
E1B,26.5622,-33.6198
E1B,26.57799,-33.59958
E1B,26.55173,-33.61571
E1B,26.55824,-33.62937
E1B,26.60696,-33.61336
E1B,26.57094,-33.61406
E1B,26.57132,-33.56628
E1B,26.60475,-33.61094
E1B,26.60487,-33.61206
E1B,26.57625,-33.57337
E1B,26.60634,-33.61279
E1B,26.57923,-33.57244
E1B,26.56466,-33.57323
E1B,26.59466,-33.60809
E1B,26.57841,-33.58815
E1B,26.57079,-33.61599
E1B,26.55915,-33.62873
E1B,26.56608,-33.62599
E1B,26.57154,-33.58553
E1B,26.58161,-33.56977
E1B,26.558,-33.62872
E1B,26.57241,-33.61285
E1B,26.54609,-33.61777
E1B,26.59935,-33.6194
E1B,26.58168,-33.57349
E1B,26.60881,-33.6137
E1B,26.57846,-33.57124
E1B,26.59821,-33.61306
E1B,26.56666,-33.64013
E1B,26.59635,-33.59321
E1B,26.60639,-33.61612
E1B,26.57505,-33.62702
E1B,26.56386,-33.6271
E1B,26.56387,-33.63075
E1B,26.55749,-33.63123
E1B,26.58049,-33.57333
E1B,26.57096,-33.62457
E1B,26.57276,-33.62641
E1B,26.5719,-33.61138
E1B,26.58905,-33.6176
E1B,26.60205,-33.59515
E1B,26.55646,-33.61905
E1B,26.60348,-33.61586
E1B,26.57334,-33.613
E1B,26.58392,-33.6094
E1B,26.56423,-33.58123
E1B,26.55346,-33.62035
E1B,26.56341,-33.61336
E1B,26.57348,-33.59032
E1B,26.59543,-33.59449
E1B,26.60602,-33.60971
E1B,26.54249,-33.62382
E1B,26.56007,-33.63389
E1B,26.60842,-33.61176
E1B,26.55718,-33.61504
E1B,26.57606,-33.61497
E1B,26.5955,-33.59341
E1B,26.61036,-33.61263
E1B,26.60501,-33.60891
E1B,26.60384,-33.60947
E1B,26.55596,-33.62994
E1B,26.60301,-33.61513
E1B,26.54669,-33.6156
E1B,26.5736,-33.56776
E1B,26.58673,-33.61205
E1B,26.55983,-33.61912
E1B,26.55716,-33.63174
E1B,26.55671,-33.62844
E1B,26.60785,-33.61228
E1B,26.55601,-33.61841
E1B,26.60553,-33.61299
E1B,26.57663,-33.6225
E1B,26.60414,-33.61691
E1B,26.55175,-33.61449
E1B,26.59173,-33.61131
E1B,26.60511,-33.61597
E1B,26.60665,-33.60997
E1B,26.60355,-33.61157
E1B,26.608,-33.60725
E1B,26.58663,-33.61059
E1B,26.6081,-33.61675
E1B,26.56354,-33.58076
E1B,26.568,-33.57451
E1B,26.57692,-33.5882
E1B,26.58409,-33.60407
E1B,26.60026,-33.60069
E1B,26.55555,-33.62509
E1B,26.60521,-33.61205
E1B,26.5866,-33.60576
E1B,26.57172,-33.5854
E1B,26.60251,-33.61053
E1B,26.56395,-33.63519
E1B,26.57301,-33.61646
E1B,26.60506,-33.61612
E1B,26.56754,-33.61967
E1B,26.56946,-33.62565
E1B,26.57609,-33.58781
E1B,26.60063,-33.61478
E1B,26.58477,-33.60361
E1B,26.55578,-33.62981
E1B,26.55883,-33.61555
E1B,26.59174,-33.61134
E1B,26.58215,-33.60815
E1B,26.59025,-33.60624
E1B,26.60658,-33.59942
E1B,26.55424,-33.61601
E1B,26.58527,-33.59212
E1B,26.60447,-33.61434
E1B,26.59433,-33.59254
E1B,26.56625,-33.6211
E1B,26.55305,-33.61702
E1B,26.57821,-33.58805
E1B,26.58037,-33.56885
E1B,26.5435,-33.61922
E1B,26.60498,-33.6166
E1B,26.56338,-33.63159
E1B,26.56874,-33.58202
E1B,26.60513,-33.6162
E1B,26.55381,-33.61535
E1B,26.56213,-33.6303
E1B,26.60394,-33.60605
E1B,26.61039,-33.61412
E1B,26.56215,-33.62948
E1B,26.56452,-33.63677
E1B,26.60643,-33.61135
E1B,26.5659,-33.61561
E1B,26.55504,-33.61583
E1B,26.57097,-33.62514
E1B,26.57208,-33.58649
E1B,26.55646,-33.6312
E1B,26.57839,-33.62521
E1B,26.57761,-33.59531
E1B,26.59626,-33.61797
E1B,26.60109,-33.6185
E1B,26.57821,-33.58804
E1B,26.57964,-33.60133
E1B,26.56047,-33.61955
E1B,26.60225,-33.61929
E1B,26.57895,-33.59362
E1B,26.55626,-33.61876
E1B,26.59271,-33.60105
E1B,26.5521,-33.61987
E1B,26.58112,-33.6068
E1B,26.60258,-33.61654
E1B,26.58585,-33.60259
E1B,26.57608,-33.58905
E1B,26.57068,-33.6155
E1B,26.57312,-33.56662
E1B,26.59696,-33.61849
E1B,26.60182,-33.59435
E1B,26.57415,-33.60945
E1B,26.55175,-33.63206
E1B,26.56983,-33.61055
E1B,26.56056,-33.62423
E1B,26.55336,-33.61445
E1B,26.60324,-33.61597
E1B,26.57191,-33.60858
E1B,26.59984,-33.57908
E1B,26.55196,-33.63213
E1B,26.55464,-33.61762
E1B,26.57381,-33.62853
E1B,26.60936,-33.61672
E1B,26.57836,-33.58734
E1B,26.57867,-33.609610000000004
E1B,26.59687,-33.61664
E1B,26.55415,-33.63541
E1B,26.57835,-33.59777
E1B,26.5702,-33.61162
E1B,26.60459,-33.61211
E1B,26.60379,-33.61086
E1B,26.57162,-33.58533
E1B,26.60664,-33.61423
E1B,26.57661,-33.62629
E1B,26.5522,-33.63199
E1B,26.59424,-33.60025
E1B,26.57305,-33.60837
E1B,26.59944,-33.59146
E1B,26.60459,-33.61709
E1B,26.55407,-33.6322
E1B,26.5569,-33.61682
E1B,26.56193,-33.6219
E1B,26.58292,-33.60148
E1B,26.60053,-33.58689
E1B,26.59283,-33.60471
E1B,26.60784,-33.60093
E1B,26.60231,-33.59248
E1B,26.58413,-33.60442
E1B,26.55794,-33.62105
E1B,26.54357,-33.61933
E1B,26.60558,-33.61188
E1B,26.57147,-33.58578
E1B,26.559,-33.63146
E1B,26.56041,-33.62836
E1B,26.60316,-33.61229
E1B,26.60422,-33.61532
E1B,26.54667,-33.61775
E1B,26.59541,-33.59334
E1B,26.56488,-33.62236
E1B,26.59654,-33.59336
E1B,26.5908,-33.57675
E1B,26.60824,-33.61722
E1B,26.56818,-33.57454
E1B,26.57722,-33.62412
E1B,26.60439,-33.61586
E1B,26.6076,-33.61147
E1B,26.6016,-33.59087
E1B,26.60488,-33.61683
E1B,26.58276,-33.57483
E1B,26.59434,-33.59879
E1B,26.60405,-33.6148
E1B,26.605,-33.61242
E1B,26.60451,-33.61456
E1B,26.60516,-33.61511
E1B,26.56632,-33.62114
E1B,26.55409,-33.62951
E1B,26.58128,-33.60548
E1B,26.57691,-33.58326
E1B,26.5528,-33.63244
E1B,26.60915,-33.60994
E1B,26.60957,-33.61459
E1B,26.56338,-33.63141
E1B,26.57391,-33.58457
E1B,26.60103,-33.61929
E1B,26.60278,-33.61473
E1B,26.56971,-33.57968
E1B,26.57186,-33.58499
E1B,26.58628,-33.60314
E1B,26.56538,-33.61869
E1B,26.55579,-33.63132
E1B,26.60854,-33.61187
E1B,26.60526,-33.60896
E1B,26.6058,-33.61635
E1B,26.56901,-33.59248
E1B,26.56229,-33.62898
E1B,26.58746,-33.6171
E1B,26.60153,-33.5926
E1B,26.58761,-33.61734
E1B,26.60076,-33.60062
E1B,26.55498,-33.62002
E1B,26.58005,-33.60015
E1B,26.61065,-33.61364
E1B,26.6053,-33.61235
E1B,26.58863,-33.60809
E1B,26.60119,-33.61638
E1B,26.60379,-33.61577
E1B,26.6063,-33.6108
E1B,26.58745,-33.59204
E1B,26.57767,-33.569
E1B,26.55473,-33.63298
E1B,26.56797,-33.5749
E1B,26.57376,-33.62734
E1B,26.60438,-33.60912
E1B,26.55798,-33.61689
E1B,26.60679,-33.61299
E1B,26.56635,-33.62434
E1B,26.58212,-33.6021
E1B,26.57338,-33.61009
E1B,26.55656,-33.63185
E1B,26.5651,-33.57147
E1B,26.57761,-33.59879
E1B,26.6053,-33.6094
E1B,26.59222,-33.61552
E1B,26.57289,-33.56809
E1B,26.58572,-33.60537
E1B,26.59827,-33.61427
E1B,26.57207,-33.61327
E1B,26.60222,-33.60498
E1B,26.58381,-33.62491
E1B,26.59952,-33.57749
E1B,26.60424,-33.6115
E1B,26.57217,-33.5864
E1B,26.5479,-33.61944
E1B,26.61037,-33.61397
E1B,26.57227,-33.5853
E1B,26.55452,-33.62992
E1B,26.56777,-33.57427
E1B,26.57203,-33.58617
E1B,26.60662,-33.61585
E1B,26.55647,-33.61487
E1B,26.57446,-33.62231
E1B,26.55499,-33.62041
E1B,26.56283,-33.57285
E1B,26.58849,-33.61358
E1B,26.57182,-33.62617
E1B,26.55375,-33.62115
E1B,26.59266,-33.60417
E1B,26.55394,-33.61882
E1B,26.57701,-33.60095
E1B,26.60479,-33.61244
E1B,26.55622,-33.62949
E1B,26.60108,-33.58456
E1B,26.55969,-33.62509
E1B,26.56848,-33.61473
E1B,26.58431,-33.61519
E1B,26.54309,-33.62411
E1B,26.60635,-33.59872
E1B,26.56766,-33.57454
E1B,26.57153,-33.61038
E1B,26.60516,-33.61634
E1B,26.56159,-33.58483
E1B,26.60363,-33.60952
E1B,26.58517,-33.57014
E1B,26.57482,-33.61079
E1B,26.55702,-33.61664
E1B,26.60229,-33.61258
E1B,26.5793,-33.58235
E1B,26.60336,-33.61635
E1B,26.57036,-33.62505
E1B,26.60136,-33.59698
E1B,26.5805,-33.62502
E1B,26.60134,-33.60489
E1B,26.59672,-33.57195
E1B,26.55598,-33.62991
E1B,26.59632,-33.61025
E1B,26.57393,-33.62887
E1B,26.56036,-33.62843
E1B,26.5731,-33.60833
E1B,26.59319,-33.60544
E1B,26.59807,-33.60764
E1B,26.56601,-33.5896
E1B,26.54315,-33.62367
E1B,26.58157,-33.57303
E1B,26.55527,-33.61821
E1B,26.59021,-33.60627
E1B,26.60933,-33.61373
E1B,26.58981,-33.60946
E1B,26.60714,-33.61477
E1B,26.60576,-33.61446
E1B,26.58462,-33.5948
E1B,26.5591,-33.63197
E1B,26.60026,-33.61331
E1B,26.59562,-33.60409
E1B,26.56889,-33.63604
E1B,26.55368,-33.62089
E1B,26.59881,-33.60144
E1B,26.58049,-33.59617
E1B,26.60788,-33.60774
E1B,26.56028,-33.61852
E1B,26.5557,-33.63157
E1B,26.58109,-33.62036
E1B,26.60027,-33.60068
E1B,26.56378,-33.63174
E1B,26.61002,-33.61359
E1B,26.56028,-33.6243
E1B,26.5966,-33.60133
E1B,26.5929,-33.60948
E1B,26.55764,-33.62427
E1B,26.5834,-33.57566
E1B,26.60318,-33.6186
E1B,26.57629,-33.59656
E1B,26.60348,-33.61268
E1B,26.55888,-33.62559
E1B,26.59362,-33.59504
E1B,26.5778,-33.57077
E1B,26.60759,-33.61219
E1B,26.59378,-33.61006
E1B,26.55646,-33.6319
E1B,26.60378,-33.60583
E1B,26.56278,-33.63382
E1B,26.5626,-33.63401
E1B,26.58824,-33.58311
E1B,26.57311,-33.62909
E1B,26.60786,-33.61287
E1B,26.60993,-33.61415
E1B,26.6067,-33.61449
E1B,26.59475,-33.6092
E1B,26.59956,-33.59771
E1B,26.59139,-33.60551
E1B,26.56369,-33.5807
E1B,26.56595,-33.6341
E1B,26.59172,-33.61328
E1B,26.55888,-33.63139
E1B,26.56995,-33.61424
E1B,26.55616,-33.62137
E1B,26.58794,-33.60488
E1B,26.60794,-33.60094
E1B,26.55563,-33.62604
E1B,26.57024,-33.61167
E1B,26.60481,-33.61243
E1B,26.60869,-33.61633
E1B,26.60767,-33.60142
E1B,26.57001,-33.6325
E1B,26.58386,-33.62327
E1B,26.59837,-33.57118
E1B,26.57803,-33.59952
E1B,26.60802,-33.6051
E1B,26.60641,-33.61288
E1B,26.56647,-33.62621
E1B,26.56173,-33.58552
E1B,26.55649,-33.62234
E1B,26.60299,-33.6128
E1B,26.60563,-33.61206
E1B,26.57298,-33.62635
E1B,26.57111,-33.61788
E1B,26.5586,-33.63017
E1B,26.60098,-33.61832
E1B,26.5852,-33.57904
E1B,26.60197,-33.59791
E1B,26.56188,-33.63551
E1B,26.57757,-33.58777
E1B,26.5774,-33.6075
E1B,26.60381,-33.6152
E1B,26.60727,-33.61459
E1B,26.59447,-33.59225
E1B,26.56116,-33.63059
E1B,26.60392,-33.6146
E1B,26.60519,-33.6014
E1B,26.60328,-33.61261
E1B,26.60039,-33.59091
E1B,26.60269,-33.59353
E1B,26.57971,-33.59351
E1B,26.55171,-33.63378
E1B,26.58928,-33.61223
E1B,26.55818,-33.61848
E1B,26.5664,-33.6213
E1B,26.60462,-33.61591
E1B,26.57181,-33.61098
E1B,26.57951,-33.61376
E1B,26.58215,-33.57057
E1B,26.55712,-33.62352
E1B,26.59424,-33.61092
E1B,26.59569,-33.61326
E1B,26.60493,-33.61519
E1B,26.56273,-33.62041
E1B,26.58353,-33.61971
E1B,26.56436,-33.61486
E1B,26.57789,-33.59494
E1B,26.56454,-33.57138
E1B,26.60199,-33.57576
E1B,26.60821,-33.61032
E1B,26.55476,-33.61967
E1B,26.60435,-33.61518
E1B,26.6058,-33.61451
E1B,26.58275,-33.57166
E1B,26.60209,-33.6153
E1B,26.60319,-33.60983
E1B,26.59678,-33.57445
E1B,26.5618,-33.63303
E1B,26.56002,-33.6288
E1B,26.60394,-33.61716
E1B,26.59496,-33.61122
E1B,26.59891,-33.61908
E1B,26.60445,-33.6163
E1B,26.60633,-33.61289
E1B,26.57769,-33.56703
E1B,26.56629,-33.62103
E1B,26.56735,-33.57427
E1B,26.58442,-33.5745
E1B,26.54756,-33.6197
E1B,26.6081,-33.60546
E1B,26.5587,-33.63263
E1B,26.56562,-33.62611
E1B,26.60239,-33.61662
E1B,26.60246,-33.61204
E1B,26.60571,-33.61488
E1B,26.55343,-33.61429
E1B,26.5876,-33.60983
E1B,26.57669,-33.57433
E1B,26.56914,-33.58069
E1B,26.5655,-33.57461
E1B,26.57343,-33.5839
E1B,26.55798,-33.63086
E1B,26.5698,-33.61786
E1B,26.58525,-33.60348
E1B,26.60443,-33.61136
E1B,26.57241,-33.61299
E1B,26.60039,-33.58334
E1B,26.59711,-33.61812
E1B,26.56616,-33.62946
E1B,26.58113,-33.59459
E1B,26.57686,-33.59664
E1B,26.57962,-33.62002
E1B,26.60225,-33.5942
E1B,26.59552,-33.60149
E1B,26.56174,-33.58328
E1B,26.5447,-33.61802
E1B,26.60136,-33.59019
E1B,26.56496,-33.57253
E1B,26.58958,-33.60981
E1B,26.55791,-33.63096
E1B,26.60612,-33.61436
E1B,26.58029,-33.60017
E1B,26.60421,-33.61534
E1B,26.56566,-33.62118
E1B,26.55859,-33.62536
E1B,26.57319,-33.61045
E1B,26.56942,-33.6185
E1B,26.57028,-33.63146
E1B,26.56861,-33.62597
E1B,26.58214,-33.58219
E1B,26.60342,-33.61536
E1B,26.60761,-33.61071
E1B,26.58406,-33.60465
E1B,26.56735,-33.57411
E1B,26.57209,-33.61207
E1B,26.56413,-33.57355
E1B,26.55492,-33.61867
E1B,26.60691,-33.61308
E1B,26.60563,-33.6022
E1B,26.60317,-33.60817
E1B,26.59084,-33.57007
E1B,26.56522,-33.63671
E1B,26.55628,-33.61941
E1B,26.58555,-33.62535
E1B,26.56437,-33.57217
E1B,26.58044,-33.57339
E1B,26.60406,-33.59955
E1B,26.60361,-33.61192
E1B,26.56929,-33.58044
E1B,26.60303,-33.60997
E1B,26.60493,-33.61476
E1B,26.59587,-33.61339
E1B,26.58753,-33.60352
E1B,26.55331,-33.619
E1B,26.59347,-33.60808
E1B,26.60563,-33.61207
E1B,26.55388,-33.63444
E1B,26.60393,-33.61263
E1B,26.55639,-33.63195
E1B,26.5818,-33.58416
E1B,26.60204,-33.6187
E1B,26.57113,-33.60871
E1B,26.60677,-33.61485
E1B,26.59657,-33.6192
E1B,26.56581,-33.61386
E1B,26.58581,-33.57301
E1B,26.57769,-33.57042
E1B,26.60071,-33.60524
E1B,26.55678,-33.62283
E1B,26.56264,-33.62049
E1B,26.55814,-33.62295
E1B,26.59251,-33.59928
E1B,26.56953,-33.60945
E1B,26.60167,-33.58416
E1B,26.60116,-33.61639
E1B,26.54979,-33.61497
E1B,26.57315,-33.56782
E1B,26.58246,-33.61613
E1B,26.60649,-33.61582
E1B,26.58612,-33.58628
E1B,26.5776,-33.58925
E1B,26.56705,-33.63032
E1B,26.60822,-33.6018
E1B,26.57555,-33.624
E1B,26.54648,-33.61969
E1B,26.58095,-33.62039
E1B,26.58132,-33.57345
E1B,26.60158,-33.59189
E1B,26.60028,-33.6008
E1B,26.55621,-33.62837
E1B,26.60107,-33.61373
E1B,26.60621,-33.6135
E1B,26.55063,-33.61901
E1B,26.59228,-33.61453
E1B,26.59313,-33.6085
E1B,26.56038,-33.6286
E1B,26.6048,-33.61523
E1B,26.6074,-33.60546
E1B,26.59248,-33.61413
E1B,26.55279,-33.61602
E1B,26.55274,-33.61552
E1B,26.60614,-33.61292
E1B,26.56553,-33.63697
E1B,26.5752,-33.57159
E1B,26.55625,-33.63053
E1B,26.589,-33.60692
E1B,26.60045,-33.6046
E1B,26.59979,-33.61465
E1B,26.57148,-33.6111
E1B,26.5859,-33.61109
E1B,26.60164,-33.59263
E1B,26.5649,-33.6223
E1B,26.56786,-33.57758
E1B,26.58003,-33.56857
E1B,26.56307,-33.58239
E1B,26.60766,-33.60549
E1B,26.5681,-33.62668
E1B,26.59829,-33.58955
E1B,26.57135,-33.61828
E1B,26.54373,-33.61723
E1B,26.57066,-33.6178
E1B,26.5864,-33.61135
E1B,26.56063,-33.61859
E1B,26.57587,-33.61272
E1B,26.56832,-33.57418
E1B,26.56421,-33.57463
E1B,26.57804,-33.58881
E1B,26.59937,-33.61432
E1B,26.60566,-33.60693
E1B,26.56149,-33.62121
E1B,26.60535,-33.6144
E1B,26.60774,-33.615
E1B,26.57896,-33.59357
E1B,26.60227,-33.61443
E1B,26.57956,-33.56769
E1B,26.56937,-33.61878
E1B,26.58913,-33.61159
E1B,26.55349,-33.61564
E1B,26.60333,-33.59451
E1B,26.55584,-33.62934
E1B,26.58867,-33.611
E1B,26.55881,-33.61786
E1B,26.56965,-33.59373
E1B,26.60738,-33.6074
E1B,26.60386,-33.59519
E1B,26.60623,-33.61347
E1B,26.56503,-33.62109
E1B,26.60841,-33.60372
E1B,26.60708,-33.61477
E1B,26.60527,-33.60794
E1B,26.58221,-33.57043
E1B,26.56935,-33.61883
E1B,26.57348,-33.59072
E1B,26.56123,-33.62305
E1B,26.57346,-33.56775
E1B,26.58708,-33.59853
E1B,26.56745,-33.63343
E1B,26.59836,-33.59949
E1B,26.55902,-33.63195
E1B,26.56808,-33.6323
E1B,26.60176,-33.59462
E1B,26.57563,-33.61001
E1B,26.58526,-33.5874
E1B,26.55785,-33.61951
E1B,26.57874,-33.56789
E1B,26.59973,-33.61161
E1B,26.56099,-33.62815
E1B,26.60465,-33.61657
E1B,26.55332,-33.6145
E1B,26.55568,-33.61802
E1B,26.60566,-33.61572
E1B,26.61038,-33.61383
E1B,26.56199,-33.61989
E1B,26.58696,-33.58381
E1B,26.56766,-33.63806
E1B,26.56463,-33.62576
E1B,26.58352,-33.56996
E1B,26.57671,-33.62034
E1B,26.59171,-33.61365
E1B,26.56705,-33.61497
E1B,26.5567,-33.62699
E1B,26.60544,-33.61308
E1B,26.60288,-33.61282
E1B,26.58974,-33.60597
E1B,26.54809,-33.61799
E1B,26.55743,-33.61932
E1B,26.55397,-33.63043
E1B,26.60187,-33.61532
E1B,26.56872,-33.62573
E1B,26.59183,-33.61313
E1B,26.58349,-33.62533
E1B,26.54978,-33.61454
E1B,26.55656,-33.62335
E1B,26.58502,-33.62473
E1B,26.57941,-33.61329
E1B,26.54859,-33.61901
E1B,26.60343,-33.60272
E1B,26.55798,-33.61768
E1B,26.58613,-33.5691
E1B,26.58398,-33.60412
E1B,26.57424,-33.58609
E1B,26.60563,-33.61307
E1B,26.57453,-33.58943
E1B,26.60349,-33.61087
E1B,26.60343,-33.61568
E1B,26.58124,-33.62178
E1B,26.58081,-33.60314
E1B,26.60458,-33.61547
E1B,26.57114,-33.61362
E1B,26.57969,-33.60599
E1B,26.57399,-33.62257
E1B,26.60165,-33.61627
E1B,26.60459,-33.61435
E1B,26.58186,-33.57832
E1B,26.60133,-33.59008
E1B,26.57189,-33.60852
E1B,26.55797,-33.61953
E1B,26.60457,-33.61639
E1B,26.57939,-33.61938
E1B,26.60381,-33.61037
E1B,26.60662,-33.61102
E1B,26.56538,-33.63348
E1B,26.58754,-33.61713
E1B,26.57557,-33.58731
E1B,26.55047,-33.61903
E1B,26.59769,-33.61756
E1B,26.572,-33.61107
E1B,26.57936,-33.61468
E1B,26.58113,-33.61907
E1B,26.59015,-33.59687
E1B,26.56099,-33.63263
E1B,26.60452,-33.6135
E1B,26.56229,-33.62366
E1B,26.59602,-33.613
E1B,26.56602,-33.5732
E1B,26.58475,-33.60875
E1B,26.60236,-33.59279
E1B,26.60059,-33.61586
